stake_address,payment_address,reward
stake1ux3vxaxk55ndtyh9q3g4hngr7lgs005tr66h3yd8xhhfrvctt3rlu, addr1q8vj0tsp5vjfsnua57rgtnr8ju2hyusnepm9vlup8vzhwsazcd6ddffx6kfw2pz3t0xs8a73q7lgk8440zg6wd0wjxesgtha6e,7588
stake1ux3dgjxetgrara3d9cxv38qpnk4dvdrq9jvv880vvhy02lgz4ec2d, addr1qy20f09ffds2mpnlvu35ak9yfy2verh4aud6xvvlum2kml9z63ydjks868mz6tsvezwqr8d26c6xqtyccww7cewg747saueelt,6061
stake1u9x5nfpmkhzvr8rfruj0v8rvvz5uthzw8z9cr232mx9cstgx6mfyc, addr1q9cv4lk9x4p3dpqmtxnnf05xpgqhzm78zmhzxrjl3vgm28jdfxjrhdwycxwxj8ey7cwxcc9fchwyuwytsx4z4kvt3qks9vy6z8,5885
stake1ux36twkau2lnx2hflrqwj0g9rktxs0w5yhl28ysg58gr7ssql06c5, addr1q9v792aplv9tccd7u86lnfmj695pk6wunvuu2zp3l5h6sr4r5kadmc4lxv4wn7xqay7s28vkdq7agf075wfq3gws8apqagpnxm,5645
stake1ux95u2gqzealfr5csqampmgv6lp0dd5e5zr3d699yz6s07gap6m7f, addr1q97zqkf4mdr7xf60mrulm85vlprtz2gl4mmyxr5n880px3utfc5sq9nm7j8f3qpmkrkse47z76mfngy8zm522g94qlusvydjul,5487
stake1uygw7nqp27807pm5a29h37a6vaptz59w569a8s2upqg25zs5k7m68, addr1q966nnj0phqfh3694djhwwqk4na2j5tdmdtym7yl5wtjrqqsaaxqz4uwlurhf65t0ram5e6zk9g2af5t60q4czqs4g9qeax8kj,5189
stake1uyjkw5z8yq5nqehsuh8zxrlh5sp2zkmqlcvu6h9lup9s2vsvngxtc, addr1q8empm6nq3z3h35uarg6740t7wt24z5k3qklupvqerlpjv39vagywgpfxpn0pewwyv8l0fqz59dkplsee4wtlcztq5eqryhk62,4935
stake1uy3wjx8z7g433fdwyvvv44z8gjefgzl8eelcllzgqkusflc7jwv5z, addr1qym63scpyh7uxj7ycmylxdalq3pc5ynswf6lrpry0wjfw8fzayvw9u3trzj6ugccet2yw39jjs970nnl3l7yspdeqnlsgzxmy6,4273
stake1uye2yfeucga3uzv4g3suz6g5l4swps6aqr5jn9hzed4hmdq0zenh2, addr1q9mpzqyt8hn9u3heqsk78gwk5r9nd2ah9tcgvhsgrqhs073j5gnnes3mrcye23rpc953fltqurp46q8f9xtw9jmt0k6qlev0cz,3608
stake1u9redrfy7t8ptsxz48eaq856ncekmkdfz4kdjsjnfxxnf9qc9jh59, addr1q9k3xqqauf8duvtgmqgvaxmyh0jj6ukwcjmsnyh08ya6jvz8j6xjfukwzhqv920n6q0f483ndhv6j9tvm9p9xjvdxj2q7gjtye,3439
stake1uxjt87lcu9e4jq3lhstatgqa37g3fft3g6d0qasjrls3g2sr4vn5a, addr1q9padvtk9qcylzmsmla53pvle4l83euzj3dawzjqk64z2cayk0al3ctntyprl0qh6kspmru3zjjhz3567pmpy8lpzs4qapdes4,3287
stake1uyaht4ha3pj8ecu9ulsvkt3r8kya2wflpwx3w4hgya8s7es43d422, addr1qypjadf6npuyhutvlzju55f9eah2t43c2255c530mcg5f8fmwht0mzry0n3ctelqevhzx0vf65un7zudzatwsf60panqzwzqzh,2804
stake1u9dkqrqthrtpchlpyxde5ld4xus5lndhpfh4dms5fjagsrc7m7kvc, addr1qxnkye3sx92gfadh3klm8rnk5lhn6kcyvgyhzvh0tejmq66mvqxqhwxkr307zgvmnf7m2depflxmwzn02mhpgn963q8sgehrma,2608
stake1u9uecvlln8ztcf629ztxcyf4ldm2t57nay8a95txuu992lc5py2da, addr1qya305sx4ggyxr0m739r44xq66uvrcsgaftphctd6em8pqnensellxwyhsn552ykdsgnt7mk5hfa86g06tgkdec224lsj58pma,2569
stake1u8dyv0a0mav8a0gahec6zp2xwjegyzh8c40ewcwj472vw2sma9wq0, addr1q8mt2g365fljcru480ud36rt0zf2sluhgakg973vmjdxyrx6gcl6lh6c0673m0n35yz5va9jsg9w032ljasa9tu5cu4q3zmlrc,2444
stake1u8x525y3f73d64zh09l4fz5ujztuc82u8z938vwuwy2l0jgql6gzn, addr1q8eqcccd2mn0ddnv6emmku8j692n2raezvujclxkh5v08hxdg4gfznazm429w7tl2j9feyyhesw4cwytzwcacug47lys0jdneu,2423
stake1uyl9qpx7h0zwnurqyfarvmvc72nlavlh5t990a26c3mp7jgevsr70, addr1qxukl9v9t329th7ltv02vpl2tv4hpa9kjhdnm4d7pxcxhfp72qzdaw7ya8cxqgn6xeke3u48l6el0gk22l6443rkraysyyr7rg,2409
stake1u8hkj2gma7m68g7876707e3cpfnlt0s0qczkrc92tagpc8q4tq64g, addr1q8ha5pnygg7s4g964s6zpf02675r8tscu7y5478egtnvrr00dy53hmah5w3u0a4ulanrszn87klq7ps9v8s25h6srswqkkmfyf,2311
stake1uy3amccgnyfqxvygffs5tpn6fgm45xu38tdj29ku2nur5ksesv655, addr1qxrv7qx5pfwh29pn25jgjqhy6us4zj6pvr7pnpx4p65m3hfrmh3s3xgjqvcgsjnpgkr85j3htgdezwkmy5tdc48c8fdq6xr347,2272
stake1u83232tyhy79dl8th2xtvvsus7eyrrrtd2ehhtya5x7ylwshgs48t, addr1q9cmkflud6yp9ehug57fhsvrh7nyapjuyxjvnw4wyyccwnhz4z5kfwfu2m7whw5vkcepepajgxxxk64n0wkfmgduf7aqfnwgwc,2261
stake1u8tyq6g8klaumhy6ruqud9jqacj4rtksvck0d5cx0h5lu3qjl88l3, addr1qy0w8mxc7ajrd5q82egmj762na0p589puwq254ef58rfe57kgp5s0dlmehwf58cpc6typm392xhdqe3v7mfsvl0flezqagz7pz,813
stake1u9n89g4g4yvadnq83dqz27nvpyam6r97gw9nk5lexfxaveqlq3m24, addr1qyunglnnsl95vtyz6pk9fe2cyervgcnurjk2q48paq6qermxw23232ge6mxq0z6qy4axczfmh5xtusut8dfljvjd6ejqwy2nfk,765
stake1uyg6kwq9c8j6dav00e7luatpdu06ljawe9mz9tjf75n67sspfsvvn, addr1qyzj6npw7y4tfk4q0s0gzjlg7hanz4fwl6x6uyts7vampug34vuqts095m6c7lnale6kzmcl4l96ajtky2hynaf84apqgz85we,743
stake1uym4kdxmg7zran3lk3r84272h37qs00n5yu933ksrfdvclsfk0yxn, addr1qy9hc3khh22us6qthe20mtdykxhyf56rqapytndlkks6cvehtv6dk3uy8m8rldzx024u40rupq7l8gfctrrdqxj6e3lq5nhmht,736
stake1u9xez0gjtpmq9qzyyy3yvmcr3wv9sg7mzdr6amm03kh394c6wmhwa, addr1q8usqyc6dedu700g30az6quespk97wc36l6nrzaser922czdjy73ykrkq2qyggfzgehs8zuctq3aky684mhklrd0zttssnawl6,726
stake1u8gkkm42m0m77g4ah9t5frlvqe7hl02sr6cetkj37g4xevcf80wlq, addr1qx5xkvj2tn6mlavtw6tt5dafw9f64u9dcjtdut2wh4r7rhx3ddh24klhau3tmw2hgj87cpna0774q843jhd9ru32djes5q4z4m,725
stake1uyrc45zcezt7v7arat4ameltyu09z5ttqh3pu6vrwu0jugsfasgnh, addr1q90klsrjuh4lht7m39wkcqac8ep0h8zenaevpt2hfu0qe8q83tg93jyhuea686htmhn7kfc729gkkp0zre5cxacl9c3qsjwcv2,699
stake1u9jughla8x3jjkcv4spdqak3cjc7vd835dn44dkjgzdy9yg2nnxpc, addr1qyn9h5jp4rlav3s63v4kfcq54avgqajzd72l7mrzwakv4st9c30l6wdr99dsetqz6pmdr393uc60rgm8t2mdysy6g2gs7xskcr,666
stake1u9t40xyseh0x84ccdcsrzpjp785jp450qmspxlm7kaun9lqjwpla9, addr1q833fjm0x6chlf3urs3smf6rrqv7yjazf66a3qzvjpe2062h27vfpnw7v0t3sm3qxyryru0fyrtg7phqzdlhadmext7qn8687w,646
stake1u8u4zjag98pzeh8tu79qw74k9hpg9m8rvkrts6duu8q5spsq24fa9, addr1q8gzddxq2hs6dqta0tqmpg0p0wveagy9kxj7jd508epmkjle2996s2wz9nwwheu2qaatvtwzstkwxevxhp5mecwpfqrqs8wpq2,643
stake1u92ajnumc6dzct3fgzujlexqzwe2nguayp5p87j5sffz5zgr3nwjh, addr1qyg8d0dmxfml3y22u2lne40h4zez3kkuwl4jeslj9qm3e2z4m98eh3569shzjs9e9ljvqyaj4x3e6grgz0a9fqjj9gys8gsh69,624
stake1uypncyj3aj25h48r73j736a7tck05fe0tsw5h6cwqgvvdqsh0xdxz, addr1q8pmk843nyvn8zavy7jdfmvf8exsmh7ld845nljyusph7msr8sf9rmy4f02w8ar9ar4muh3vlgnj7hqaf04suqscc6pqyc4uxc,609
stake1u9yrkgr3h4uc049nj0cfm6kv2qggsykgc0kjal4vvtaf3lcdgqfwl, addr1qx9r3y073dusca4c6jj8hkpynewxwzvr3ytqs9ppwytc8lzg8vs8r0tesl2t8ylsnh4vc5qs3qfv3sld9ml2cch6nrlszu8f60,602
stake1uxk7ewyhdzmmmsp630kkkzr68ageyhmhlpurnpevpra4a6cp60gm4, addr1q8f66xa7lx7z32fdp87cpa588z6n4lgfp04mx5fucn2zrgddajufw69hhhqr4zlddvy85063jf0h07rc8xrjcz8mtm4ska8a2c,600
stake1uxar2e6hcszej8njywgvs5f8fa6030a0fu7e45tly7ss55q7ct0vd, addr1q98tgs9lmdw248mueykrzq63gh7xjgrnqtq8pm7mkh57v796x4n403q9ny08ygusepgjwnm5lzl67neantgh7fappfgquasusf,583
stake1u954jvraxhnspwl2gw728r757he7c3xyk45nv2h8p3xyl7grzg6hw, addr1q86crmr4awayf9elhxy3ftenltt4rrnfc5a6zap3w3pjpjtftyc86d08qza75sau5w8afa0na3zvfdtfxc4wwrzvflus7wxvh7,564
stake1u8hz6ay93dasgtdp4nytvmyhxcma4hq7nl4mg8csz2mu8vckzs5dd, addr1q99ely0vk2mlhgx875ckh6j3m3qxmjnx7k7c8yar40jnjkhw946gtzmmqsk6rtxgkekfwd3hmtwpa8ltks03qy4hcwesgsyhwa,559
stake1uxnqwf3klgfxgqawy0a7z0wzxmtu49k39utw683accfd8vszv5spw, addr1q9lj6e2x335qyhwx7h2cx98pqrn0wuam8jlu8hwc0klca09xqunrd7sjvsp6uglmuy7uydkhe2tdztcka50rm3sj6weq9yndzz,547
stake1u9p2vp9ueee258770xxn44uzszk60zydpcmchy8qawzlk5s8dfuc3, addr1q8v0w08djxf0fygd7m6va56xcn6hwx5nx9upm6k0spy5ee2z5cztennj4g0au7vd8ttc9q9d57yg6r3h3wgwp6u9ldfq0hgruv,518
stake1uyepnmps8w0eltxjcm6f4522fm2es2m920dyay8rr94phzquxu292, addr1q929tgha06jk8k70fkk0ye7e6gexk7muu2uzzs84x6sm3zpjr8krqwuln7kd93h5ntg55nk4nq4k2576f6gwxxt2rwyq9j70tc,508
stake1ux9xljzty64aw4q65qn89tkl9d8law30qmqcmus0kpkrruc8lmeh4, addr1q94y5auaeas0det0mur70u87wce607f0n54dffx48322hsu2dlyykf4t6a2p4gpxw2hd7260l6az7pkp3heqlvrvx8eseywj8g,482
stake1u9ce30m4gl0tz3qgu39p6p2ay9hjmhzksle49whelnqg2uc8j2nt5, addr1qxw2qkwzesj0wfa30u6lpykxym2x6w3dj27clm5uun8lgun3nzlh2377k9zq3ez2r5z46gt09hw9dpln22a0nlxqs4eswc0e9e,472
stake1u8y8mun3hnuy6w5es8nxwmv6wuydyx6x0dszgavernv427c9l340h, addr1q80na57rg5cwm33px9yyz29dw0z2y44gjaxk55hvs3dkfmwg0he8r08cf5afnq0xvake5acg6gd5v7mqy36ej8xe24asrp99kv,465
stake1u9pm6wzxpfwu0lfqw93q5e2v5756vhcq9u8m0dktflderzgw7czzj, addr1qxm8juksez8x4e8yj6c3cjwm3ytcs5s6qredf6p39td0ax6rh5uyvzjacl7jqutzpfj5efaf5e0sqtc0k7mvkn7mjxystg87lg,445
stake1uxppdqsguhlzxrfu0ztf979h8u8euzd2ztnycs2926tlz2sum4axv, addr1qywu7tl42z396qyj5zydluezftv8890lgvxrvpt5zl7048uzz6pq3e07yvxnc7ykjtutw0c0ncy65yhxf3q5245h7y4qcyhj67,437
stake1u990yd2pql8m7fm8xgqjdyh3z4gqaxtt4j7y58gns7dwregtsplrs, addr1q8vuf8rl3uzxr9g9vf4lheja466jvqkkng85fkxqpkcs87627g65zp70hunkwvspy6f0z92sp6vkht9ufgw38pu6u8jsat8z6q,432
stake1u84xderm5nlp2ryp3fvdmgvkqr4cpgt3p5d3slvgxq6sg3cwlwlh6, addr1q9xpwcqs5ws96azm38n0p0jgtzv4r53y0jqk3lynmptgqul2vmj8hf87z5xgrzjcmksevq8tszshzrgmrp7csvp4q3rsl02ypm,427
stake1uxegmgupm09nxuzj2x340w400j3h0p768dlyvwd2eht3hgg0h5hdy, addr1qyh09fhw6z3jmshcdekweapcgr0qwnakh9jtf38ye4l5mq4j3k3crk7txdc9y5dr27a27l9rw7ra5wm7gcu64nwhrwssn6gual,417
stake1u9f7rykwfhsl835yamqxwzq8pt48d6lh3n4urw0wn4s7kvqdhz2ru, addr1q8z646824fzfe959ffj0aprv2t2y4pjz573jmctn4v4wnw2nuxfvun0p70rgfmkqvuyqwzh2wm4l0r8tcxu7a8tpavcquqnrnh,415
stake1u8zwldt73yawv6gdsg4w2nhchh78ealyfsljsnw7pzgp0fggry3cw, addr1q9ac28lp5lljgtkrs3w7cefznudmh4zkdjw8x9eykewsq6xya76hazf6ue5smq32u480300u0nm7gnpl9pxauzysz7jsu9wwut,402
stake1u88yw9sdqc8hm4x6rgnge2stnzcuu9aydgc0v6fe5f4t6mskfzqfw, addr1qycfsn387v9q0qrlea55k4pqlqldmelc448l6lhz3pk8jfwwgutq6ps00h2d5x3x3j4qhx93ect6g63s7e5nngn2h4hqs4x8a3,399
stake1uylz8pverul759jf96ck9rguhtdana5p3rks34gfu5m8l4czmx69z, addr1qyjhsn4r6ldfrnkedcsuwj7sguzjcm3ptay4n4fskw4e4s37ywzej8elagtyjt43v2x3ewkmm8mgrz8dpr2snefk0lts4kwn8p,394
stake1uxr289y4c83xjtx5ywxtagx8v97cca6hq5psv7dmagvazkgg3r747, addr1qx6ge0wctmaygrzngzwmgjqcmu32vcc948axpfezyw9x89vx5w2fts0zdykdgguvh6svwcta33m4wpgrqeumh6se69vsd6hkru,391
stake1uxef0hvn9wssnsyjs76d7v808hfv8ajgpvm6amkplgsdx0clgu4jw, addr1qx5fn0zywa5ktlyrmrfvttdftu3dprhkmctm7y44tz4e744jjlwex2app8qf9pa5mucw70wjc0myszeh4mhvr73q6vlsuw5flg,389
stake1u9qykz7yf97dryka6u0evqgephtvyms5hzcxkvru34m9czce0q4yn, addr1qyv0nwcuh8ngpceh02psfmamvf7clst48lavyp6nph9myczqfv9ugjtu6xfdm4cljcq3jrwkcfhpfw9sdvc8ertkts9s8u9fxm,383
stake1u8l5nzqjjlj0u5yhc3guz9f4ahfvl525a9rc53pm7d4dfsgsa7a43, addr1q8lu22dt9mgexj3d2jgep994ysvu4hznnkuzpzqt92frg40lfxyp99lylegf03z3cy2ntmwjelg4f6283fzrhum26nqs43u0y9,374
stake1u8wx0ed2thznt9y3z7zy4hsua0z2dsx8lsfheant774cymq2vgfu6, addr1qynnm4td6sy2vz7csw0rjrkunfpzzptsnkcvjr070wm3f8e88h2km4qg5c9a3qu78y8dexjzyyzhp8dseyxlu7ahzj0sdvhc50,369
stake1ux46c5w2rqnsnte60q083cvu3s2crkfhvxzk27acaex63lsnpr7dl, addr1qy98kcrzr054q9p995vv2mh4n4d79evckcyxpq5725urwk9t43gu5xp8pxhn57q70rseerq4s8vnwcv9v4am3mjd4rlq3m098x,368
stake1uyv4x83zs63zqafuj55npv08v9mf0fp2dz9xmjn8pdrzuxqw4sxhn, addr1q9ctjdmzgv6d4gn9e8elf5r2p73f8wv4ddkx68sy2a8umlge2v0z9p4zyp6ne9ffxzc7wctkj7jz56y2dh9xwz6x9cvqcvn6rh,356
stake1u94u5j06vh02rksvvqgck5v6l0s2lgypt3qlcy2zcl6d9wqy9ff28, addr1qxdjndg7q0nr4rcx92sps63kw6tdw6ktxa5anu2va82sqjrtefyl5ew758dqccq33dge47lq47sgzhzplsg593l562uqaaj32h,355
stake1uyut9yydwfgtf0z5vmv0ypyt3n6mdfjk2v252usumt8rtms2yrnwr, addr1q98cdn044a9y72rwu88epu4pm2mpeqyvyswsfn3u33wc7meck2gg6ujskj79gekc7gzghr84k6n9v5c4g4epekkwxhhqz93zt6,354
stake1uxshztgqlsk6md6mwsc0dsmlzasgwendt9dpa7nys9g763gqwtvv8, addr1qy5zaqqlgnquudv4ya99p5ekllgzwswhnh9kqner8e8hglapwyksplpd4km4kaps7mph79mqsanx6k26rmaxfq23a4zst87emg,349
stake1ux707pwq5jve2y57x6evlefxcmsaz68dg6dnysw5z9wl54csw7wzy, addr1qyx7pryd4e7enfzemxsupg6dyn6dda2pyvwmpu30yn0ana4uluzupfyej5ffud4jeljjd3hp695w635mxfqagy2alfts3c2ver,346
stake1u8q7uds07pxzrwuckhzl9eyknvvd6dk8tqcaupha9ma8llgdft5gz, addr1qyxqgthmrrk64x2asa5m76x03e5xlacj8sugvt0yutwjccwpacmqluzvyxae3dw97tjfdxccm5mvwkp3mcr06th60l7sr56hnk,345
stake1uypfaahs2une2f7w2ffpyl84lgnr09av3ec26wlgrant5jcglzz46, addr1qynfpmpmemvca0fp6jhwfq9fr6skwr94zn2a60ez49rdhuqznmm0q4e8j5nuu5jjzf70t73xx7t6erns45a7s8mxhf9sjmsc76,342
stake1u8vnp6w3x26jhnqjp5hfy04pcth0pqtva7r4jeq85dx7xhquywn36, addr1qxzn9t2gmap66nnxqg89zvh7yke7hqnzcl8tf4wax32sc8xexr5azv4490xpyrfwjgl2rshw7zqkemu8t9jq0g6dudwq886t0g,339
stake1uxgrplhkd2zxf8a6hw8g2yacly227l73f5c6ctnkdk6ftxgtrx2fe, addr1q8dzxgn9skuzdrcx4nxkqc4gdhznz75ytjyf368f4flvg5vsxrl0v65yvj0m4wuws5fm37g54alaznf34sh8vmd5jkvsmw8rv4,338
stake1uxljr3kpj26vs0sxld47h8qk8efnxzl6l5lr6fj03g4h6eqfxnjcz, addr1q93sp7ntgweq3n9sh60udxv0t2kwuss78u0ad709flljd4dly8rvry45eqlqd7mtawwpv0jnxv9l4lf785nylz3t04jqv39cay,337
stake1u8rwkq6z50q9j0n57gh5cqen34yyptuupcg4fmuwg4nuv3gm2ryp8, addr1qxvasc5jdrgtj67rcgq8r8vnsmpy0mplhgen6g5fgc44pt7xavp59g7qtyl8fu30fspn8r2ggzhecrs32nhcu3t8cezsr37ruy,330
stake1uyu3acml4jjqnelsfzp2lffv48x2u6s0lskr02qjn75g9ecn5put2, addr1qymugretc0583jhyk72kpxqx96j8gxkwvmxj2r6nue7aaueerm3hlt9yp8nlqjyz47jje2wv4e4qllpvx75p98agstnslv9lkj,329
stake1uxy8w3rveeyuasz0hpqrkmpz4khvakctq8tsgrgxses4xhgjrtkr6, addr1qyjct37tueq0807h2s5mexhqn4k0vdqylxlap9vux4slqjugwazxenjfemqylwzq8dkz9tdwemdskqwhqsxsdpnp2dwsk082u2,324
stake1u8zyy2z2tcta8qt3f5ajahzdd4lpu20pfdfntul40hq3rpg9uqdad, addr1qyunu3q833wq2d2zztk0k3wws6um8344el2ackv2y7n4d0xygg5y5hsh6wqhznfm9mwy6mt7rc57zj6nxhel2lwpzxzsx7798d,323
stake1u9dqy6gyduyvsakggnvcdp3zt9f5z6dthtywpaps4mwsu9celk03t, addr1q94vner7kzwlgpguvp3z0p9pt7h8slqmsftdhakh4qwmx926qf5sgmcgepmvs3xes6rzyk2ng956hwkgur6rptkapcts44f6e8,319
stake1u97plrpvekl6nu62cdfcaw47e2z9xyt4kq324qj3yulu00s3u3mp2, addr1qxcr2d0xy34zthumdjx5lhghmzapxjhywzpqf4jskhmjkqtur7xzendl48e54s6n36ataj5y2vghtvpz42p9zfelc7lqdj2hql,317
stake1uxlrq90uw9rqr94390rch2rwahcnacw2pnr5ug7j2pyuhwcccpcv3, addr1q9ha5k50jlq76ha86jmuc4kugz3q6rtsn42qr5ukpka3ac47xq2lcu2xqxttz2783w5xam038msu5rx8fc3ay5zfewas7pjqa8,317
stake1u8x9p6nt8zhng9q0aha93a5z5rp4djlqmzule6g8k35lk6stk2qme, addr1qyfswjysjj98km0dq6xfuyqdq93g9fzlaslja6jaas0dwnkv2r4xkw90xs2qlm06trmg9gxr2m97pk9eln5s0drfld4qfjsts8,316
stake1uyv3nue4tp5d33sg99ln9qwcxkwhsrkjds7sztzl09v6q2s7qyx5p, addr1qyasjdd53e6ua0e7fgjhavuvgcqdunfn5hsw7m7rfe55dtger8en2krgmrrqs2tlx2qasdva0q8dympaqyk9772e5q4q5d7a8r,313
stake1u9ulpq8s6n0xcf52xw8427wp9qjxs5xs8t5g8v9a8u2qefgaqn897, addr1qy2yfss3cncqvkamastu5hma56ey63yymx20j0q9rvl3qvre7zq0p4x7dsng5vu024uuz2pydpgdqwhgswct60c5pjjs9vhp2x,310
stake1uxpzauu3huas9nt4mgqz2025u9xjxkmsn6qcr6qghrtd29cad98t2, addr1q9qxlpecpx0u6a2arwtr5ygyxu9qfgnq3jhda4e7nz3tsdvz9meer0emqtxhtksqy574fc2dyddhp85ps85q3wxk65tsv5n2gc,309
stake1u98449ew7wqqe6wpfur2psk9pdenjrrlqumah7vhz5nq7dsq8d57q, addr1qxmufd90txvgapwv5tpkrjdz8746ythymu4rp3nj8na5rtz0t2tjauuqpn5uzncx5rpv2zmn8yx87pehm0uew9fxpumqa84uz7,309
stake1u88e8s3zvym7p6q6ckpanu8dq0gd5rl7apeuud7zatsa5cgmpwyvv, addr1q9vdxgpp3x7vec2uj6kgyp4shj79y8n6ufjvxjxkcndwhwx0j0pzycfhur5p43vrm8cw6q7smg8la6rnecmu96hpmfsst2mczn,308
stake1uydyez5hd88c3acd70jlkmsg3ctwzuwtv2kx3lz3z9dz5jsq6turv, addr1qx5yt66hz0n5u43fh3uq9zv2d73pg2vsr8j9zn2z0t453zs6fj9fw6w03rmsmul9ldhq3rsku9cukc4vdr79zy269f9q4c5vha,308
stake1u9fcqajwhfe4kycaanpshpnlxpjqdqe7tu3nwfvflxj6umqpghrkp, addr1qyp086sxlfnmyyyrgfls5jwqv89ze4xm9wrf27tn6ud20mznspmyawnntvf3mmxrpwr87vryq6pnuherxujcn7d94ekqa9z3zu,301
stake1uxhkme25a6jk7rs048glxcz4kyct6jg23wr6pmn3k0sw8tq24ft6p, addr1q9le508p55wy7h6m8elkmgrck3pu82ndkcl3l970d7emll90dhj4fm49du8ql2w37ds9tvfsh4ys4zu85rh8rvlquwkqxfyuaz,298
stake1uyslns7gjf9yv9a5789r5anal027raesgs9lpukjyzu2vkc0xwhft, addr1q83g3jvk3e8qyxjhjwearlsc8tsty09s9qsq7mtl5xp8wsppl8pu3yj2gctmfuw28fm8m774u8mnq3qt7redyg9c5edscg7qfj,296
stake1u85mrvkwpyt7nytr8cjcvdzv762g5mkvhmvle4ftw2ww8ccnnk4ky, addr1q8k2upugxlqczph9755dlxtfpejg2ufqnlcf4ntp6tgu7m8fkxevuzghaxgkx039sc6yea553fhve0keln2jku5uu03swlusc7,296
stake1u8feheal0d9w78328p46p6z6k3mxqgc8s76y4pjt5rtesgs7zsnrz, addr1q8vfpg6gtjrdt8er2dklqnd9pz88hv8uqn5ev97zn8k0d97nn0nm7762au0z5wrt5r594drkvq3s0pa5f2ryhgxhnq3qv4n9rf,295
stake1u8gjrexpa5y9g5rltsvgz27qzz9z3cyjn46l7h04ztp67xq70466d, addr1qxjzqujsz9wfmlrl3xj34pk4npcmy857dxfqt8n9suaqzyw3y8jvrmgg23g87hqcsy4uqyy29rsf98t4lawl2ykr4uvqu44q5j,294
stake1u9hq688k80r42qzx8hahlywajypjv53py524lf0clsfa0fqpdxrnu, addr1q9pwr05arw3ay68pdxsn3x5recxr979g08cxd7pg6d6n2rrwp5w0vw7825qyv00m07gamygryefzzfg4t7jl3lqn67jqrjegkv,288
stake1uyrl9g3lyg75g4vpk9j5ltf0rrswmt0g4cn8f74a9gnt5cqwthvjj, addr1qy0wx56xy47v89mupl0dmyjlxlpakf5gadkz48y8ycvllyc8723r7g3ag32crvt9f7kj7x8qakk73t3xwnat623xhfsq66hukv,269
stake1uxvy02dy65skf5yq98rz7ppfjh4ww68hm0shxfmulte0fnq97dkka, addr1q9cw8l89ne9ke7z5hs5txwffylx2d7ewceephyqfk6h7f0vcg756f4fpvnggq2wx9uzzn902ua500klpwvnhe7hj7nxq9pvppa,269
stake1uy2299gwgst807qft30eyrqhsv097v0rn0uack8kwy6s0ksgm93h5, addr1qy95su98wzvjmnvh2y59ljrs3fj88pt53u0peaxx0sgjprs5522su3qkwluqjhzljgxp0qc7tuc78xlem3v0vuf4qldqfkwlq6,267
stake1uyezcuffq8sardfcumhfyfnj3g64zlh3xeq383dde4wc9cqnnsf6d, addr1q9j6cv95vgaghrk7flalpawpdcwf6f7pxuanz4tqud64qsfj93cjjq0p6x6n3ehwjgn89z3429l0zdjpz0z6mn2astsq556ahw,265
stake1u8r0kqrq9x7g848n5e5tsmc3mcxrpqga33ldkr3v30gadyqa9tj4n, addr1q84m7wr8rrns34x3vlt2847t74xf9vmeql5h8q8pcmd320xxlvqxq2dus0208fnghph3rhsvxzq3mrr7mv8zez7366gq9ceg2s,263
stake1u8angf78utz026e42gh8ud847ye7zsuryk5kdayrw6nkz8sx0dxx7, addr1qyp8rws4yxutlgxu4nkqucq346t5zw8kfxg5w9laxtuqzmlmxsnu0cky744n253w0c60tufnu9pcxfdfvm6gxa48vy0qm9xguv,261
stake1uyfznddzwxkaavhkweld4u2dlngggmah0gsl3jszxhaff0shy9xrj, addr1qxyxu6l09sp2wkf22k5cj2yd2vwka3s02d2vj9wt5xes5mgj9x66yuddm6e0van7mtc5mlxss3hmw73plr9qyd06jjlqhq3flg,260
stake1uyrd4ahg0pkkmaqzfze90ryveup5pl4sl72kjyzhevjzmms73ht3y, addr1q972q79kw5w5lyhnaafg9e3jjtlua900pgcufhteecxj02sxmtmws7rddh6qyj9j27xgencrgrltplu4dyg90jey9hhqhq6lze,260
stake1uyxpelkrf0updlyx3n4h5rh9zpsd70su6s99v8fv85jkm2quhntv8, addr1qyrf44m3lduwxscqg2ftw6x6uhf760nxakcmh8esnalxe3svrnlvxjlczm7gdr8t0g8w2yrqmulpe4q22cwjc0f9dk5qe8wxhl,256
stake1u9rfyvw5pkeherf56lzxjaqlpxs53fjghl4ft6w2x8wpnwchfeam3, addr1q89d2xxtm42sdzvlxm9cx7m37t37ydanp5p220fydvhm0xjxjgcagrdn0jxnf47yd96p7zdpfzny30l2jh5u5vwurxas8c9k7p,255
stake1u834kzzlrg356pah2ph5uc205284t93gvv8mn55vwy2r3aqgwjv3v, addr1q9nndk6vv0qpcdan4js9vx8pnwu5aa5ax8awkk8eyqcy7l8rtvy97x3rf5rmw5r0fes5lg502ktzscc0h8fgcug58r6q2fu6qe,254